<?xml version="1.0" encoding="UTF-8"?>
<focuses>
	<focus id="0" name="Medical Coding &amp; Billing">
		<degree id="0" name="Diploma" />
		<degree id="1" name="Certificate" />
		<degree id="2" name="Associate's" />
	</focus>
	<focus id="1" name="Medical Assisting">
		<degree id="0" name="Diploma" />
		<degree id="1" name="Certificate" />
		<degree id="2" name="Associate's" />
	</focus>
	<focus id="2" name="Pharmacy Technician">
		<degree id="0" name="Diploma" />
		<degree id="1" name="Certificate" />
		<degree id="2" name="Associate's" />
	</focus>
	<focus id="3" name="Health Care Administration">
		<degree id="0" name="Diploma" />
		<degree id="1" name="Certificate" />
		<degree id="2" name="Associate's" />
		<degree id="3" name="Bachelor's" />
		<degree id="4" name="Master's" />
		<degree id="7" name="MBA" />
	</focus>
	<focus id="4" name="Medical Office">
		<degree id="0" name="Diploma" />
		<degree id="1" name="Certificate" />
		<degree id="2" name="Associate's" />
	</focus>
	<focus id="5" name="Dental Assisting">
		<degree id="0" name="Diploma" />
		<degree id="1" name="Certificate" />
		<degree id="2" name="Associate's" />
	</focus>
	<focus id="6" name="Veterinary">
		<degree id="2" name="Associate's" />
	</focus>
	<focus id="7" name="Radiology">
        	<degree id="2" name="Associate's" />
	</focus>
</focuses>