<?xml version="1.0" encoding="UTF-8"?>
<focuses>
	<focus id="0" name="Dental Assisting">
		<degree id="0" name="Certificate" />
		<degree id="1" name="Associate's" />
	</focus>
	<focus id="1" name="Health Care Administration">
		<degree id="0" name="Certificate" />
	</focus>
	<focus id="2" name="Massage Therapy">
		<degree id="0" name="Certificate" />
	</focus>
	<focus id="3" name="Medical Assisting">
		<degree id="0" name="Certificate" />
		<degree id="1" name="Associate's" />
	</focus>
	<focus id="4" name="Medical Billing &amp; Coding">
		<degree id="0" name="Certificate" />
		<degree id="1" name="Associate's" />
	</focus>
	<focus id="5" name="Medical Imaging">
		<degree id="0" name="Certificate" />
		<degree id="1" name="Associate's" />
		<degree id="2" name="Bachelor's" />
	</focus>
	<focus id="6" name="Medical Transcription">
		<degree id="0" name="Certificate" />
	</focus>
	<focus id="7" name="Occupational Therapy">
		<degree id="0" name="Certificate" />
		<degree id="1" name="Associate's" />
		<degree id="2" name="Bachelor's" />
		<degree id="3" name="Master's" />
	</focus>
	<focus id="8" name="Pharmacy Technician">
		<degree id="0" name="Certificate" />
		<degree id="1" name="Associate's" />
	</focus>
	<focus id="9" name="Phlebotomist">
		<degree id="0" name="Certificate" />
		<degree id="1" name="Associate's" />
		<degree id="2" name="Bachelor's" />
	</focus>
	<focus id="10" name="Public Health">
		<degree id="0" name="Certificate" />
		<degree id="1" name="Associate's" />
		<degree id="2" name="Bachelor's" />
		<degree id="3" name="Master's" />
	</focus>
	<focus id="11" name="Vet Technician">
		<degree id="0" name="Certificate" />
		<degree id="1" name="Associate's" />
	</focus>
</focuses>