<?xml version="1.0" encoding="UTF-8"?>
<schools>
    <school id="4107" name="Everest University" state="online">
		<key id="0_2" />
    </school>
	<school id="615" name="Everest University" state="flo">
		<key id="0_2" />
		<key id="1_2" />
		<key id="3_2" />
		<key id="2_2" />
	</school>
	<school id="809" name="Everest University" state="flo">
		<key id="7_2" />
	</school>
	<school id="822" name="Everest University" state="flo">
		<key id="5_2" />
	</school>
	<school id="1688" name="Everest University" state="flo">
		<key id="4_2" />
	</school>
	<school id="1022" name="Herzing College" state="mn">
		<key id="5_2" />
        <key id="5_0" />
        <key id="0_2" />
        <key id="0_0" />
        <key id="1_2" />
        <key id="1_0" />
        <key id="4_2" />
        <key id="4_0" />
        <key id="3_3" />
	</school>
	<school id="1254" name="Herzing College" state="la">
		<key id="0_2" />
        <key id="0_0" />
        <key id="1_2" />
        <key id="1_0" />
        <key id="3_3" />
        <key id="3_2" />
	</school>
	<school id="4953" name="Herzing College" state="oh">
		<key id="1-2" />
    </school>
	<school id="3671" name="University of Phoenix" state="az">
		<key id="2_2" />
        <key id="0_2" />
        <key id="3_3" />
        <key id="3_2" />
        <key id="3_4" />
    </school>
    <school id="3881" name="University of Phoenix" state="ga">
		<key id="3_2" />
        <key id="3_3" />
        <key id="3_4" />
	</school>
    <school id="3888" name="University of Phoenix" state="tx">
		<key id="3_2" />
	</school>
	<school id="3891" name="University of Phoenix" state="tx">
        <key id="3_3" />
        <key id="3_4" />
	</school>
    <school id="3913" name="University of Phoenix" state="ca">
		<key id="3_2" />
        <key id="3_3" />
        <key id="3_4" />
	</school>
    <school id="4482" name="University of Phoenix" state="al">
		<key id="3_2" />
        <key id="3_3" />
        <key id="3_4" />
	</school>
    <school id="3884" name="University of Phoenix" state="nc">
		<key id="3_2" />
        <key id="3_3" />
        <key id="3_4" />
	</school>
    <school id="3899" name="University of Phoenix" state="tn">
		<key id="3_2" />
        <key id="3_3" />
        <key id="3_4" />
	</school>
    <school id="4209" name="University of Phoenix" state="il">
		<key id="3_2" />
        <key id="3_3" />
        <key id="3_4" />
	</school>
    <school id="3885" name="University of Phoenix" state="oh">
		<key id="3_2" />
        <key id="3_3" />
        <key id="3_4" />
	</school>
    <school id="3886" name="University of Phoenix" state="co">
		<key id="3_2" />
        <key id="3_3" />
        <key id="3_4" />
	</school>
    <school id="3898" name="University of Phoenix" state="mi">
		<key id="3_2" />
        <key id="3_3" />
        <key id="3_4" />
	</school>
    <school id="3916" name="University of Phoenix" state="flo">
		<key id="3_2" />
        <key id="3_3" />
        <key id="3_4" />
	</school>
    <school id="3890" name="University of Phoenix" state="hi">
		<key id="3_2" />
        <key id="3_3" />
        <key id="3_4" />
	</school>
    <school id="3883" name="University of Phoenix" state="id">
		<key id="3_2" />
        <key id="3_3" />
        <key id="3_4" />
	</school>
    <school id="3892" name="University of Phoenix" state="ind">
		<key id="3_2" />
        <key id="3_3" />
        <key id="3_4" />
	</school>
    <school id="3892" name="University of Phoenix" state="ks">
		<key id="3_2" />
        <key id="3_3" />
        <key id="3_4" />
	</school>
    <school id="3900" name="University of Phoenix" state="nv">
		<key id="3_2" />
        <key id="3_3" />
        <key id="3_4" />
	</school>
     <school id="3895" name="University of Phoenix" state="la">
		<key id="3_2" />
        <key id="3_3" />
        <key id="3_4" />
	</school>
    <school id="4647" name="University of Phoenix" state="wi">
		<key id="3_2" />
        <key id="3_3" />
        <key id="3_4" />
	</school>
    <school id="3896" name="University of Phoenix" state="ky">
		<key id="3_2" />
	</school>
    <school id="3915" name="University of Phoenix" state="mo">
		<key id="3_2" />
        <key id="3_3" />
	</school>
    <school id="3901" name="University of Phoenix" state="nm">
		<key id="3_2" />
	</school>
    <school id="4164" name="University of Phoenix" state="va">
		<key id="3_2" />
        <key id="3_3" />
        <key id="3_4" />
	</school>
    <school id="3917" name="University of Phoenix" state="ok">
		<key id="3_2" />
        <key id="3_3" />
        <key id="3_4" />
	</school>
    <school id="3905" name="University of Phoenix" state="ore">
		<key id="3_2" />
        <key id="3_3" />
        <key id="3_4" />
	</school>
    <school id="4166" name="University of Phoenix" state="pa">
		<key id="3_2" />
        <key id="3_3" />
        <key id="3_4" />
	</school>
    <school id="3918" name="University of Phoenix" state="ut">
		<key id="3_2" />
        <key id="3_3" />
        <key id="3_4" />
	</school>
    <school id="3919" name="University of Phoenix" state="wa">
		<key id="3_2" />
	</school>
    <school id="2144" name="South University" state="ga">
		<key id="3_3" />
        <key id="3_7" />
	</school>
	<school id="799" name="South University" state="ga">
        <key id="1_2" />
	</school>
    <school id="1644" name="South University" state="sc">
		<key id="3_3" />
        <key id="1_2" />
        <key id="3_7" />
	</school>
    <school id="797" name="South University" state="al">
		<key id="3_3" />
        <key id="1_2" />
        <key id="3_7" />
	</school>
    <school id="3803" name="South University" state="flo">
		<key id="3_3" />
        <key id="1_2" />
	</school>
	<school id="798" name="South University" state="flo">
        <key id="3_7" />
	</school>
    <school id="2705" name="American Intercontinental University" state="online">
		<key id="0_2" />
        <key id="3_7" />
        <key id="3_3" />
        <key id="3_2" />
	</school>
	<school id="510" name="Everest College" state="ca">
		<key id="2_2" />
		<key id="0_2" />
		<key id="1_2" />
		<key id="5_2" />
	</school>
	<school id="539" name="Everest College" state="va">
		<key id="0_2" />
		<key id="1_2" />
		<key id="5_2" />
	</school>
	<school id="517" name="Everest College" state="wa">
		<key id="2_2" />
		<key id="0_2" />
		<key id="1_2" />
		<key id="5_2" />
	</school>
	<school id="1744" name="Everest College" state="il">
		<key id="2_2" />
		<key id="0_2" />
		<key id="1_2" />
		<key id="5_2" />
	</school>
	<school id="830" name="Everest College" state="co">
		<key id="2_2" />
		<key id="0_2" />
		<key id="1_2" />
		<key id="5_2" />
	</school>
	<school id="2067" name="Everest College" state="tx">
		<key id="0_0" />
		<key id="1_2" />
		<key id="3_0" />
		<key id="1_0" />
	</school>
	<school id="2064" name="Everest College" state="tx">
		<key id="2_2" />
		<key id="0_2" />
	</school>
	<school id="554" name="Everest College" state="ind">
		<key id="3_0" />
		<key id="0_2" />
		<key id="1_2" />
		<key id="5_2" />
	</school>
	<school id="1031" name="Everest College" state="az">
		<key id="0_2" />
		<key id="1_2" />
	</school>
	<school id="772" name="Everest College" state="ore">
		<key id="2_2" />
		<key id="0_2" />
		<key id="1_2" />
	</school>
	<school id="826" name="Everest College" state="ut">
		<key id="2_2" />
		<key id="1_2" />
		<key id="1_0" />
		<key id="0_0" />
	</school>
	<school id="2462" name="Everest College" state="mo">
		<key id="1_0" />
		<key id="0_0" />
	</school>
	<school id="832" name="Everest College" state="mo">
		<key id="1_2" />
		<key id="5_2" />
	</school>
	<school id="548" name="Everest Institute" state="tx">
		<key id="1_2" />
        <key id="0_2" />
        <key id="5_2" />
	</school>
	<school id="549" name="Everest Institute" state="tx">
        <key id="4_2" />
	</school>
	<school id="843" name="Everest Institute" state="tx">
        <key id="2_2" />
	</school>
	<school id="518" name="Everest Institute" state="ma">
		<key id="5_2" />
        <key id="1_2" />
	</school>
	<school id="1712" name="Everest Institute" state="ma">
        <key id="0_2" />
	</school>
	<school id="2113" name="Everest Institute" state="oh">
		<key id="0_2" />
        <key id="2_2" />
        <key id="1_2" />
	</school>
	<school id="800" name="Everest Institute" state="wv">
		<key id="0_2" />
        <key id="1_2" />
	</school>
	<school id="553" name="Everest Institute" state="mi">
		<key id="0_2" />
        <key id="1_2" />
        <key id="5_2" />
	</school>
	<school id="828" name="Everest Institute" state="mi">
        <key id="2_2" />
	</school>
	<school id="1742" name="Everest Institute" state="mi">
        <key id="4_2" />
	</school>
	<school id="838" name="Everest Institute" state="ga">
		<key id="0_2" />
	</school>
	<school id="1387" name="Everest Institute" state="ga">
        <key id="1_2" />
        <key id="2_2" />
        <key id="5_2" />
	</school>
	<school id="1778" name="Everest Institute" state="mn">
		<key id="2_2" />
        <key id="0_2" />
        <key id="1_2" />
	</school>
	<school id="640" name="Everest Institute" state="flo">
		<key id="2_2" />
        <key id="0_2" />
        <key id="1_2" />
	</school>
	<school id="837" name="Everest Institute" state="pa">
		<key id="2_2" />
        <key id="1_2" />
        <key id="3_2" />
	</school>
	<school id="2060" name="Everest Institute" state="ore">
		<key id="0_2" />
	</school>
	<school id="848" name="Everest Institute" state="ny">
		<key id="0_2" />
        <key id="1_2" />
	</school>
	<school id="2285" name="Everest Institute" state="md">
		<key id="1_0" />
	</school>
	<school id="2630" name="Everest Institute" state="nj">
		<key id="2_2" />
        <key id="0_2" />
        <key id="1_2" />
	</school>
	<school id="4057" name="Remington College" state="la">
		<key id="2_2" />
        <key id="0_2" />
        <key id="1_2" />
	</school>
	<school id="4653" name="Remington College" state="la">
        <key id="1_0" />
        <key id="0_0" />
	</school>
	<school id="4059" name="Remington College" state="oh">
		<key id="2_2" />
        <key id="0_2" />
        <key id="1_2" />
        <key id="5_2" />
	</school>
	<school id="4050" name="Remington College" state="co">
		<key id="1_2" />
        <key id="2_2" />
	</school>
	<school id="4055" name="Remington College" state="tx">
		<key id="1_2" />
        <key id="2_2" />
        <key id="0_2" />
	</school>
	<school id="4694" name="Remington College" state="tx">
        <key id="0_0" />
        <key id="1_0" />
	</school>
	<school id="4054" name="Remington College" state="hi">
		<key id="1_2" />
	</school>
	<school id="4059" name="Remington College" state="ar">
		<key id="1_2" />
        <key id="2_2" />
        <key id="0_2" />
	</school>
	<school id="4062" name="Remington College" state="tn">
		<key id="1_2" />
        <key id="5_2" />
	</school>
	<school id="4071" name="Remington College" state="tn">
        <key id="2_2" />
        <key id="0_2" />
	</school>
	<school id="4061" name="Remington College" state="al">
		<key id="1_2" />
        <key id="2_2" />
	</school>
	<school id="4066" name="Remington College" state="flo">
		<key id="0_2" />
        <key id="1_2" />
	</school>
	<school id="1987" name="Rasmussen College" state="nd">
		<key id="0_0" />
        <key id="4_2" />
        <key id="3_2" />
	</school>
	<school id="4378" name="Rasmussen College" state="mn">
		<key id="1_2" />
        <key id="3_3" />
        <key id="3_2" />
        <key id="0_0" />
	</school>
	<school id="1991" name="Rasmussen College" state="mn">
        <key id="2_2" />
	</school>
	<school id="4214" name="Rasmussen College" state="mn">
        <key id="4_2" />
	</school>
	<school id="2192" name="Rasmussen College" state="flo">
		<key id="1_2" />
        <key id="1_0" />
        <key id="0_0" />
        <key id="3_3" />
        <key id="3_2" />
        <key id="4_2" />
        <key id="2_2" />
	</school>
	<school id="4473" name="Rasmussen College" state="wi">
		<key id="2_2" />
        <key id="1_2" />
        <key id="0_0" />
        <key id="3_3" />
        <key id="3_2" />
	</school>
	<school id="4214" name="Rasmussen College" state="online">
		<key id="4_2" />
	</school>
	<school id="3983" name="Rasmussen College" state="il">
		<key id="2_2" />
        <key id="0_0" />
	</school>
	<school id="4522" name="ATI Career Training Center" state="nm">
		<key id="1_0" />
	</school>
	<school id="4505" name="ATI Career Training Center" state="tx">
		<key id="1_0" />
        <key id="5_0" />
        <key id="2_0" />
	</school>
	<school id="4506" name="ATI Career Training Center" state="flo">
		<key id="1_2" />
	</school>
	<school id="4518" name="ATI Career Training Center" state="ok">
		<key id="2_2" />
        <key id="1_0" />
        <key id="5_0" />
	</school>
	<school id="4991" name="MedVance Institute" state="la">
		<key id="7_2" />
        <key id="0_0" />
        <key id="1_0" />
        <key id="2_0" />
        <key id="4_0" />
	</school>
	<school id="4992" name="MedVance Institute" state="tn">
		<key id="7_2" />
        <key id="0_0" />
        <key id="1_0" />
        <key id="2_0" />
        <key id="4_0" />
	</school>
	<school id="4993" name="MedVance Institute" state="flo">
		<key id="7_2" />
        <key id="0_0" />
        <key id="1_0" />
        <key id="2_0" />
        <key id="4_0" />
	</school>
	<school id="4994" name="MedVance Institute" state="tx">
		<key id="0_0" />
        <key id="1_0" />
	</school>
	<school id="1651" name="Apollo College" state="nm">
		<key id="1_2" />
		<key id="0_2" />
		<key id="4_2" />
		<key id="5_2" />
        <key id="2_2" />
	</school>
	<school id="142" name="Apollo College" state="id">
		<key id="1_2" />
		<key id="2_2" />
		<key id="0_2" />
		<key id="5_2" />
	</school>
	<school id="498" name="Apollo College" state="az">
		<key id="2_2" />
		<key id="1_2" />
		<key id="6_2" />
        <key id="5_2" />
        <key id="4_2" />
	</school>
	<school id="697" name="Apollo College" state="az">
		<key id="0_2" />
	</school>
	<school id="496" name="Apollo College" state="ore">
		<key id="1_2" />
		<key id="6_2" />
		<key id="5_2" />
		<key id="2_2" />
        <key id="0_2" />
	</school>
	<school id="497" name="Apollo College" state="wa">
		<key id="2_2" />
		<key id="6_2" />
		<key id="0_2" />
		<key id="5_2" />
        <key id="4_2" />
        <key id="1_2" />
	</school>
	<school id="4199" name="Kaplan College - School of Health Sciences" state="online">
		<key id="1_2" />
		<key id="1_3" />
		<key id="4_2" />
		<key id="4_3" />
		<key id="0_2" />
		<key id="0_3" />
	</school>
	<school id="2282" name="Kaplan College" state="ca">
		<key id="1_0" />
		<key id="2_1" />
		<key id="0_1" />
		<key id="3_1" />
		<key id="3_2" />
	</school>
	<school id="2291" name="Kaplan College" state="ca">
		<key id="1_1" />
		<key id="4_1" />
	</school>
	<school id="2287" name="Kaplan College" state="ca">
		<key id="1_2" />
	</school>
	<school id="2294" name="Kaplan College" state="ca">
		<key id="4_0" />
		<key id="5_1" />
	</school>
	<school id="2290" name="Kaplan College" state="ca">
		<key id="5_0" />
		<key id="2_0" />
	</school>
	<school id="1730" name="Kaplan College" state="ca">
		<key id="5_2" />
		<key id="0_2" />
	</school>
	<school id="2290" name="Kaplan College" state="ca">
		<key id="0_0" />
	</school>
	<school id="4665" name="Kaplan College" state="oh">
		<key id="1_2" />
		<key id="4_1" />
	</school>
	<school id="1773" name="Kaplan College" state="co">
		<key id="2_1" />
		<key id="1_1" />
		<key id="0_0" />
		<key id="4_1" />
	</school>
	<school id="1980" name="Kaplan College" state="md">
		<key id="1_1" />
		<key id="5_1" />
	</school>
	<school id="2251" name="Kaplan College" state="md">
		<key id="0_1" />
	</school>
	<school id="2262" name="Kaplan College" state="ind">
		<key id="0_2" />
		<key id="4_2" />
	</school>
	<school id="168" name="Kaplan College" state="ind">
		<key id="1_2" />
		<key id="5_2" />
	</school>
	<school id="4930" name="Kaplan College" state="ind">
		<key id="1_0" />
		<key id="4_0" />
	</school>
	<school id="1729" name="Kaplan College" state="nv">
		<key id="0_2" />
		<key id="1_2" />
		<key id="2_2" />
	</school>
	<school id="3594" name="Kaplan College" state="wi">
		<key id="1_2" />
		<key id="2_2" />
		<key id="5_2" />
		<key id="4_2" />
	</school>
	<school id="1975" name="Kaplan College" state="az">
		<key id="6_2" />
		<key id="1_0" />
	</school>
	<school id="3606" name="Kaplan College" state="wa">
		<key id="4_2" />
		<key id="1_2" />
		<key id="5_2" />
	</school>
	<school id="4348" name="Brookstone College of Business" state="nc">
		<key id="2_0" />
		<key id="1_0" />
		<key id="4_0" />
	</school>
	<school id="2194" name="Brown Mackie College" state="oh">
		<key id="2_2" />
        <key id="0_0" />
        <key id="1_2" />
	</school>
	<school id="2196" name="Brown Mackie College" state="oh">
        <key id="1_0" />
        <key id="3_2" />
	</school>
	<school id="2200" name="Brown Mackie College" state="ks">
		<key id="0_0" />
        <key id="1_2" />
        <key id="1_0" />
        <key id="3_2" />
        <key id="4_2" />
	</school>
	<school id="2221" name="Brown Mackie College" state="flo">
		<key id="1_2" />
        <key id="1_0" />
        <key id="3_2" />
	</school>
	<school id="5035" name="Brown Mackie College" state="az">
		<key id="1_2" />
        <key id="3_2" />
        <key id="3_3" />
	</school>
	<school id="4841" name="Brown Mackie College" state="ok">
		<key id="1_2" />
        <key id="1_0" />
        <key id="3_3" />
	</school>
	<school id="4488" name="Ashford University" state="online">
		<key id="3_3" />
	</school>
	<school id="3757" name="Ashford University" state="ia">
		<key id="3_3" />
	</school>
	<school id="2088" name="Colorado Technical University" state="co">
		<key id="1_0" />
		<key id="3_3" />
	</school>
	<school id="2531" name="Colorado Technical University" state="online">
		<key id="0_2" />
		<key id="3_3" />
	</school>
	<school id="2040" name="Colorado Technical University" state="mo">
		<key id="7_2" />
		<key id="1_2" />
        <key id="1_0" />
		<key id="3_3" />
	</school>
	<school id="2090" name="Colorado Technical University" state="sd">
		<key id="1_2" />
		<key id="3_3" />
	</school>
	<school id="4526" name="Indiana Business College" state="ind">
		<key id="1_2" />
	</school>
	<school id="2439" name="Indiana Business College" state="ind">
		<key id="4_0" />
		<key id="4_1" />
	</school>
	<school id="674" name="Indiana Business College" state="ind">
		<key id="3_3" />
	</school>
	<school id="5012" name="Indiana Business College" state="ind">
		<key id="6_2" />
	</school>
	<school id="1492" name="Concorde Career College" state="co">
		<key id="7_2" />
        <key id="5_2" />
        <key id="0_2" />
        <key id="1_2" />
	</school>
	<school id="1488" name="Concorde Career College" state="ca">
		<key id="5_2" />
        <key id="0_2" />
        <key id="1_2" />
	</school>
	<school id="239" name="Concorde Career College" state="mo">
		<key id="5_2" />
        <key id="0_2" />
        <key id="1_2" />
	</school>
	<school id="364" name="Concorde Career College" state="tn">
		<key id="1_2" />
        <key id="5_2" />
        <key id="2_2" />
        <key id="4_2" />
	</school>
	<school id="1495" name="Concorde Career College" state="flo">
		<key id="1_2" />
		<key id="2_2" />
	</school>
	<school id="1493" name="Concorde Career College" state="flo">
		<key id="0_2" />
	</school>
	<school id="4667" name="Concorde Career College" state="flo">
		<key id="5_2" />
	</school>
	<school id="4787" name="Globe University" state="wi">
		<key id="6_2" />
		<key id="1_2" />
		<key id="1_0" />
		<key id="3_0" />
		<key id="3_3" />
		<key id="4_2" />
	</school>
	<school id="4842" name="Globe University" state="sd">
		<key id="6_2" />
		<key id="1_2" />
		<key id="1_0" />
		<key id="4_2" />
	</school>
	<school id="3613" name="Globe University" state="mn">
		<key id="6_2" />
		<key id="1_2" />
		<key id="1_0" />
		<key id="4_2" />
	</school>
	<school id="5019" name="Globe University" state="mn">
		<key id="3_0" />
	</school>
	<school id="4788" name="Globe University" state="mn">
		<key id="3_3" />
	</school>
	<school id="4591" name="Keiser University" state="flo">
		<key id="7_2" />
		<key id="1_2" />
		<key id="3_2" />
		<key id="3_3" />
	</school>
	<school id="959" name="Keiser University" state="online">
		<key id="1_2" />
		<key id="3_2" />
		<key id="3_3" />
	</school>
	<school id="463" name="Pima Medical Institute" state="nm">
		<key id="0_1" />
		<key id="7_2" />
		<key id="1_1" />
		<key id="2_1" />
		<key id="5_1" />
		<key id="3_1" />
	</school>
	<school id="789" name="Pima Medical Institute" state="ca">
		<key id="7_2" />
		<key id="1_2" />
		<key id="2_2" />
		<key id="6_2" />
		<key id="0_2" />
		<key id="5_2" />
	</school>
	<school id="2165" name="Pima Medical Institute" state="co">
		<key id="1_2" />
		<key id="2_2" />
		<key id="6_2" />
		<key id="5_2" />
		<key id="7_2" />
		<key id="0_2" />
	</school>
	<school id="4954" name="Pima Medical Institute" state="az">
		<key id="2_2" />
		<key id="0_2" />
		<key id="1_2" />
		<key id="6_2" />
		<key id="7_2" />
		<key id="1_2" />
	</school>
	<school id="555" name="Pima Medical Institute" state="az">
		<key id="5_2" />
	</school>
	<school id="818" name="Pima Medical Institute" state="nv">
		<key id="7_2" />
		<key id="1_2" />
		<key id="2_2" />
		<key id="6_2" />
		<key id="5_2" />
	</school>
	<school id="2114" name="Pima Medical Institute" state="wa">
		<key id="6_2" />
		<key id="5_2" />
		<key id="1_2" />
		<key id="2_2" />
		<key id="7_2" />
	</school>
	<school id="558" name="Pima Medical Institute" state="wa">
		<key id="6_2" />
	</school>
	<school id="4976" name="Fox College" state="il">
		<key id="6_2" />
	</school>
	<school id="1660" name="Fox College" state="il">
		<key id="1_0" />
	</school>
	<school id="344" name="Vet Tech Institute" state="pa">
		<key id="6_2" />
	</school>
	<school id="2" name="Argosy University" state="mn">
		<key id="7_2" />
		<key id="5_2" />
		<key id="6_2" />
		<key id="1_2" />
	</school>
	<school id="2997" name="Eastwick College" state="nj">
		<key id="1_2" />
		<key id="1_0" />
		<key id="0_1" />
		<key id="4_0" />
	</school>
	<school id="464" name="Spencerian College" state="ky">
		<key id="7_2" />
		<key id="0_0" />
		<key id="1_0" />
		<key id="3_2" />
		<key id="3_0" />
		<key id="4_2" />
	</school>
</schools>